[
    {
      "id": "nano_001",
      "name": "Basic Nanotech",
      "category": 1,
      "category_row": 1,
      "tier": 1,
      "subcolumn": 1
    },
    {
      "id": "nano_002",
      "name": "Advanced Nanoassembly",
      "category": 1,
      "category_row": 2,
      "tier": 2,
      "subcolumn": 1
    },
    {
      "id": "nano_003",
      "name": "Quantum Nanostructures",
      "category": 1,
      "category_row": 3,
      "tier": 3,
      "subcolumn": 2
    },
    {
      "id": "phase_001",
      "name": "Phase Shift Basics",
      "category": 2,
      "category_row": 1,
      "tier": 1,
      "subcolumn": 2
    },
    {
      "id": "phase_002",
      "name": "Multidimensional Phasing",
      "category": 2,
      "category_row": 2,
      "tier": 2,
      "subcolumn": 2
    },
    {
      "id": "phase_003",
      "name": "Temporal Phase Manipulation",
      "category": 2,
      "category_row": 3,
      "tier": 4,
      "subcolumn": 1
    },
    {
      "id": "empire_001",
      "name": "Imperial Expansion I",
      "category": 3,
      "category_row": 1,
      "tier": 1,
      "subcolumn": 1
    },
    {
      "id": "empire_002",
      "name": "Galactic Diplomacy",
      "category": 3,
      "category_row": 2,
      "tier": 3,
      "subcolumn": 1
    },
    {
      "id": "empire_003",
      "name": "Transcendent Governance",
      "category": 3,
      "category_row": 3,
      "tier": 5,
      "subcolumn": 2
    }
  ]